{
  "command": "python -m timeit -n100 -r3 'sum(range(1000))'",
  "exit_codes": [
    0,
    0,
    0,
    0,
    0
  ],
  "generated_at": "2025-11-28T07:05:03Z",
  "mean_seconds": 1.8180000000000002e-05,
  "raw_outputs": [
    "100 loops, best of 3: 23.1 usec per loop\n",
    "100 loops, best of 3: 16.3 usec per loop\n",
    "100 loops, best of 3: 18.1 usec per loop\n",
    "100 loops, best of 3: 17.7 usec per loop\n",
    "100 loops, best of 3: 15.7 usec per loop\n"
  ],
  "runs": 5,
  "stdev_seconds": 2.9209587467131417e-06,
  "times_seconds": [
    2.3100000000000002e-05,
    1.63e-05,
    1.8100000000000003e-05,
    1.77e-05,
    1.57e-05
  ]
}