{
  "command": "python -m timeit -n100 -r3 'sum(range(1000))'",
  "exit_codes": [
    0,
    0,
    0,
    0,
    0
  ],
  "generated_at": "2025-11-28T07:20:55Z",
  "mean_seconds": 1.52e-05,
  "raw_outputs": [
    "100 loops, best of 3: 15.2 usec per loop\n",
    "100 loops, best of 3: 14.7 usec per loop\n",
    "100 loops, best of 3: 15.3 usec per loop\n",
    "100 loops, best of 3: 15.5 usec per loop\n",
    "100 loops, best of 3: 15.3 usec per loop\n"
  ],
  "runs": 5,
  "stdev_seconds": 3.000000000000001e-07,
  "times_seconds": [
    1.5199999999999998e-05,
    1.47e-05,
    1.53e-05,
    1.55e-05,
    1.53e-05
  ]
}