{
  "command": "python -m timeit -n100 -r3 'sum(range(1000))'",
  "exit_codes": [
    0,
    0,
    0,
    0,
    0
  ],
  "generated_at": "2025-11-27T16:17:29Z",
  "mean_seconds": 1.504e-05,
  "raw_outputs": [
    "100 loops, best of 3: 14.9 usec per loop\n",
    "100 loops, best of 3: 15 usec per loop\n",
    "100 loops, best of 3: 15 usec per loop\n",
    "100 loops, best of 3: 15.1 usec per loop\n",
    "100 loops, best of 3: 15.2 usec per loop\n"
  ],
  "runs": 5,
  "stdev_seconds": 1.1401754250991323e-07,
  "times_seconds": [
    1.49e-05,
    1.5e-05,
    1.5e-05,
    1.51e-05,
    1.5199999999999998e-05
  ]
}